invoice_id,vendor_id,invoice_date,period,net_amount,vat_treatment,channel,vat_amount,gross_amount
INV00001,V001,2025-06-13,2025-06-01,1494.54,RED3,einvoice,44.84,1539.38
INV00002,V001,2025-06-26,2025-06-01,389.14,RED3,pdf,11.67,400.81
INV00003,V001,2025-06-22,2025-06-01,841.47,RED3,pdf,25.24,866.71
INV00004,V001,2025-06-24,2025-06-01,1440.69,RED3,pdf,43.22,1483.91
INV00005,V001,2025-06-24,2025-06-01,1671.67,RED3,pdf,50.15,1721.82
INV00006,V001,2025-06-20,2025-06-01,507.58,RED3,pdf,15.23,522.81
INV00007,V001,2025-06-27,2025-06-01,1439.87,RED3,pdf,43.2,1483.07
INV00008,V001,2025-06-02,2025-06-01,760.76,RED3,pdf,22.82,783.58
INV00009,V001,2025-06-03,2025-06-01,774.73,RED3,pdf,23.24,797.97
INV00010,V001,2025-06-30,2025-06-01,688.12,RED3,pdf,20.64,708.76
INV00011,V001,2025-06-15,2025-06-01,1088.85,RED3,pdf,32.67,1121.52
INV00012,V001,2025-06-02,2025-06-01,3072.43,RED3,pdf,92.17,3164.6
INV00013,V001,2025-06-13,2025-06-01,521.64,RED3,pdf,15.65,537.29
INV00014,V001,2025-06-10,2025-06-01,1673.41,RED3,einvoice,50.2,1723.61
INV00015,V001,2025-06-21,2025-06-01,518.3,RED3,pdf,15.55,533.85
INV00016,V001,2025-06-15,2025-06-01,1327.68,RED3,pdf,39.83,1367.51
INV00017,V001,2025-06-19,2025-06-01,1177.48,RED3,pdf,35.32,1212.8
INV00018,V001,2025-06-22,2025-06-01,977.05,RED3,pdf,29.31,1006.36
INV00019,V001,2025-07-20,2025-07-01,1277.4,RED3,einvoice,38.32,1315.72
INV00020,V001,2025-07-05,2025-07-01,1011.01,RED3,pdf,30.33,1041.34
INV00021,V001,2025-07-15,2025-07-01,701.65,RED3,pdf,21.05,722.7
INV00022,V001,2025-07-22,2025-07-01,579.35,RED3,einvoice,17.38,596.73
INV00023,V001,2025-07-08,2025-07-01,505.6,RED3,pdf,15.17,520.77
INV00024,V001,2025-07-04,2025-07-01,309.67,RED3,pdf,9.29,318.96
INV00025,V001,2025-07-18,2025-07-01,1208.3,RED3,pdf,36.25,1244.55
INV00026,V001,2025-07-20,2025-07-01,1368.19,RED3,einvoice,41.05,1409.24
INV00027,V001,2025-07-11,2025-07-01,1422.29,RED3,pdf,42.67,1464.96
INV00028,V001,2025-07-14,2025-07-01,395.37,RED3,pdf,11.86,407.23
INV00029,V001,2025-07-26,2025-07-01,1145.43,RED3,pdf,34.36,1179.79
INV00030,V001,2025-07-02,2025-07-01,1286.3,RED3,pdf,38.59,1324.89
INV00031,V001,2025-08-10,2025-08-01,683.62,RED3,einvoice,20.51,704.13
INV00032,V001,2025-08-06,2025-08-01,414.77,RED3,pdf,12.44,427.21
INV00033,V001,2025-08-23,2025-08-01,856.4,RED3,einvoice,25.69,882.09
INV00034,V001,2025-08-05,2025-08-01,1111.15,RED3,pdf,33.33,1144.48
INV00035,V001,2025-08-06,2025-08-01,659.35,RED3,pdf,19.78,679.13
INV00036,V001,2025-08-12,2025-08-01,308.84,RED3,einvoice,9.27,318.11
INV00037,V001,2025-08-11,2025-08-01,467.26,RED3,pdf,14.02,481.28
INV00038,V001,2025-08-04,2025-08-01,493.71,RED3,pdf,14.81,508.52
INV00039,V001,2025-08-24,2025-08-01,686.41,RED3,pdf,20.59,707.0
INV00040,V001,2025-08-31,2025-08-01,485.44,RED3,pdf,14.56,500.0
INV00041,V001,2025-08-03,2025-08-01,693.55,RED3,pdf,20.81,714.36
INV00042,V001,2025-08-03,2025-08-01,301.52,RED3,pdf,9.05,310.57
INV00043,V001,2025-08-26,2025-08-01,595.11,RED3,pdf,17.85,612.96
INV00044,V001,2025-08-18,2025-08-01,887.59,RED3,pdf,26.63,914.22
INV00045,V001,2025-09-05,2025-09-01,736.29,RED3,einvoice,22.09,758.38
INV00046,V001,2025-09-18,2025-09-01,946.53,RED3,einvoice,28.4,974.93
INV00047,V001,2025-09-06,2025-09-01,1402.91,RED3,einvoice,42.09,1445.0
INV00048,V001,2025-09-15,2025-09-01,2045.13,RED3,pdf,61.35,2106.48
INV00049,V001,2025-09-24,2025-09-01,487.5,RED3,pdf,14.62,502.12
INV00050,V001,2025-09-06,2025-09-01,372.12,RED3,pdf,11.16,383.28
INV00051,V001,2025-09-09,2025-09-01,351.69,RED3,pdf,10.55,362.24
INV00052,V001,2025-09-01,2025-09-01,1025.92,RED3,einvoice,30.78,1056.7
INV00053,V001,2025-09-09,2025-09-01,4883.19,RED3,pdf,146.5,5029.69
INV00054,V001,2025-09-15,2025-09-01,469.43,RED3,pdf,14.08,483.51
INV00055,V001,2025-09-25,2025-09-01,521.9,RED3,pdf,15.66,537.56
INV00056,V001,2025-09-09,2025-09-01,588.74,RED3,einvoice,17.66,606.4
INV00057,V001,2025-09-11,2025-09-01,933.99,RED3,einvoice,28.02,962.01
INV00058,V001,2025-09-25,2025-09-01,456.62,RED3,einvoice,13.7,470.32
INV00059,V001,2025-10-08,2025-10-01,2455.28,RED3,pdf,73.66,2528.94
INV00060,V001,2025-10-21,2025-10-01,1532.84,RED3,pdf,45.99,1578.83
INV00061,V001,2025-10-31,2025-10-01,476.36,RED3,pdf,14.29,490.65
INV00062,V001,2025-10-08,2025-10-01,3048.24,RED3,pdf,91.45,3139.69
INV00063,V001,2025-10-15,2025-10-01,494.47,RED3,pdf,14.83,509.3
INV00064,V001,2025-10-26,2025-10-01,1070.85,RED3,pdf,32.13,1102.98
INV00065,V001,2025-10-29,2025-10-01,573.85,RED3,einvoice,17.22,591.07
INV00066,V001,2025-10-08,2025-10-01,646.94,RED3,pdf,19.41,666.35
INV00067,V001,2025-10-31,2025-10-01,942.74,RED3,pdf,28.28,971.02
INV00068,V001,2025-10-31,2025-10-01,935.64,RED3,pdf,28.07,963.71
INV00069,V001,2025-10-04,2025-10-01,1860.94,RED3,pdf,55.83,1916.77
INV00070,V001,2025-10-17,2025-10-01,664.26,RED3,pdf,19.93,684.19
INV00071,V001,2025-10-28,2025-10-01,2136.0,RED3,pdf,64.08,2200.08
INV00072,V001,2025-10-03,2025-10-01,407.71,RED3,pdf,12.23,419.94
INV00073,V001,2025-10-01,2025-10-01,2390.93,RED3,einvoice,71.73,2462.66
INV00074,V001,2025-10-04,2025-10-01,675.41,RED3,pdf,20.26,695.67
INV00075,V001,2025-10-23,2025-10-01,1975.28,RED3,pdf,59.26,2034.54
INV00076,V001,2025-11-27,2025-11-01,1040.84,RED3,einvoice,31.23,1072.07
INV00077,V001,2025-11-09,2025-11-01,1250.88,RED3,einvoice,37.53,1288.41
INV00078,V001,2025-11-04,2025-11-01,825.51,RED3,pdf,24.77,850.28
INV00079,V001,2025-11-23,2025-11-01,501.87,RED3,pdf,15.06,516.93
INV00080,V001,2025-11-18,2025-11-01,1472.59,RED3,pdf,44.18,1516.77
INV00081,V001,2025-11-25,2025-11-01,635.71,RED3,pdf,19.07,654.78
INV00082,V001,2025-11-04,2025-11-01,1551.37,RED3,pdf,46.54,1597.91
INV00083,V001,2025-11-10,2025-11-01,774.74,RED3,pdf,23.24,797.98
INV00084,V001,2025-11-29,2025-11-01,743.17,RED3,pdf,22.3,765.47
INV00085,V001,2025-11-05,2025-11-01,443.46,RED3,einvoice,13.3,456.76
INV00086,V001,2025-11-20,2025-11-01,974.74,RED3,pdf,29.24,1003.98
INV00087,V001,2025-11-05,2025-11-01,509.43,RED3,pdf,15.28,524.71
INV00088,V001,2025-11-18,2025-11-01,353.25,RED3,pdf,10.6,363.85
INV00089,V001,2025-11-26,2025-11-01,1752.41,RED3,pdf,52.57,1804.98
INV00090,V001,2025-11-01,2025-11-01,574.07,RED3,einvoice,17.22,591.29
INV00091,V001,2025-12-29,2025-12-01,3203.06,RED3,pdf,96.09,3299.15
INV00092,V001,2025-12-27,2025-12-01,502.26,RED3,pdf,15.07,517.33
INV00093,V001,2025-12-30,2025-12-01,352.49,RED3,einvoice,10.57,363.06
INV00094,V001,2025-12-27,2025-12-01,392.6,RED3,pdf,11.78,404.38
INV00095,V001,2025-12-27,2025-12-01,4857.49,RED3,einvoice,145.72,5003.21
INV00096,V001,2025-12-26,2025-12-01,681.49,RED3,einvoice,20.44,701.93
INV00097,V001,2025-12-06,2025-12-01,470.18,RED3,einvoice,14.11,484.29
INV00098,V001,2025-12-26,2025-12-01,1355.11,RED3,einvoice,40.65,1395.76
INV00099,V001,2025-12-05,2025-12-01,784.42,RED3,einvoice,23.53,807.95
INV00100,V001,2025-12-09,2025-12-01,736.81,RED3,einvoice,22.1,758.91
INV00101,V001,2025-12-07,2025-12-01,609.14,RED3,pdf,18.27,627.41
INV00102,V001,2025-12-06,2025-12-01,1560.66,RED3,pdf,46.82,1607.48
INV00103,V001,2025-12-26,2025-12-01,877.55,RED3,pdf,26.33,903.88
INV00104,V001,2025-12-10,2025-12-01,551.31,RED3,einvoice,16.54,567.85
INV00105,V001,2025-12-16,2025-12-01,4599.43,RED3,einvoice,137.98,4737.41
INV00106,V001,2026-01-06,2026-01-01,537.75,RED3,pdf,16.13,553.88
INV00107,V001,2026-01-29,2026-01-01,436.06,RED3,pdf,13.08,449.14
INV00108,V001,2026-01-17,2026-01-01,995.14,RED3,pdf,29.85,1024.99
INV00109,V001,2026-01-22,2026-01-01,1482.82,RED3,pdf,44.48,1527.3
INV00110,V001,2026-01-04,2026-01-01,436.58,RED3,pdf,13.1,449.68
INV00111,V001,2026-01-18,2026-01-01,877.18,RED3,pdf,26.32,903.5
INV00112,V001,2026-01-25,2026-01-01,798.83,RED3,pdf,23.96,822.79
INV00113,V001,2026-01-11,2026-01-01,2055.21,RED3,pdf,61.66,2116.87
INV00114,V001,2026-01-16,2026-01-01,737.4,RED3,pdf,22.12,759.52
INV00115,V001,2026-01-08,2026-01-01,680.0,RED3,pdf,20.4,700.4
INV00116,V001,2026-01-09,2026-01-01,1034.87,RED3,einvoice,31.05,1065.92
INV00117,V001,2026-01-11,2026-01-01,1427.29,RED3,pdf,42.82,1470.11
INV00118,V001,2026-01-12,2026-01-01,819.29,RED3,pdf,24.58,843.87
INV00119,V001,2026-01-08,2026-01-01,1854.3,RED3,pdf,55.63,1909.93
INV00120,V001,2026-01-10,2026-01-01,2403.36,RED3,pdf,72.1,2475.46
INV00121,V001,2026-01-15,2026-01-01,2420.18,RED3,pdf,72.61,2492.79
INV00122,V001,2026-02-15,2026-02-01,884.63,RED3,einvoice,26.54,911.17
INV00123,V001,2026-02-05,2026-02-01,419.16,RED3,pdf,12.57,431.73
INV00124,V001,2026-02-21,2026-02-01,758.12,RED3,pdf,22.74,780.86
INV00125,V001,2026-02-18,2026-02-01,2534.18,RED3,einvoice,76.03,2610.21
INV00126,V001,2026-02-03,2026-02-01,330.96,RED3,einvoice,9.93,340.89
INV00127,V001,2026-02-27,2026-02-01,622.83,RED3,pdf,18.68,641.51
INV00128,V001,2026-02-27,2026-02-01,1246.08,RED3,pdf,37.38,1283.46
INV00129,V001,2026-02-27,2026-02-01,866.88,RED3,pdf,26.01,892.89
INV00130,V001,2026-02-27,2026-02-01,568.24,RED3,pdf,17.05,585.29
INV00131,V001,2026-02-05,2026-02-01,1700.07,RED3,pdf,51.0,1751.07
INV00132,V001,2026-02-05,2026-02-01,214.96,RED3,pdf,6.45,221.41
INV00133,V001,2026-02-21,2026-02-01,1089.6,RED3,pdf,32.69,1122.29
INV00134,V001,2026-02-22,2026-02-01,246.48,RED3,pdf,7.39,253.87
INV00135,V001,2026-02-24,2026-02-01,329.07,RED3,einvoice,9.87,338.94
INV00136,V001,2026-02-04,2026-02-01,1060.24,RED3,pdf,31.81,1092.05
INV00137,V001,2026-02-26,2026-02-01,1385.05,RED3,pdf,41.55,1426.6
INV00138,V001,2026-02-22,2026-02-01,977.47,RED3,pdf,29.32,1006.79
INV00139,V001,2026-02-18,2026-02-01,506.35,RED3,pdf,15.19,521.54
INV00140,V001,2026-02-08,2026-02-01,775.67,RED3,einvoice,23.27,798.94
INV00141,V001,2026-03-23,2026-03-01,2067.53,RED3,pdf,62.03,2129.56
INV00142,V001,2026-03-12,2026-03-01,518.99,RED3,pdf,15.57,534.56
INV00143,V001,2026-03-19,2026-03-01,855.85,RED3,pdf,25.68,881.53
INV00144,V001,2026-03-15,2026-03-01,1421.28,RED3,pdf,42.64,1463.92
INV00145,V001,2026-03-14,2026-03-01,3435.19,RED3,pdf,103.06,3538.25
INV00146,V001,2026-03-04,2026-03-01,255.47,RED3,pdf,7.66,263.13
INV00147,V001,2026-03-02,2026-03-01,906.84,RED3,pdf,27.21,934.05
INV00148,V001,2026-03-22,2026-03-01,325.02,RED3,einvoice,9.75,334.77
INV00149,V001,2026-03-31,2026-03-01,527.82,RED3,einvoice,15.83,543.65
INV00150,V001,2026-03-15,2026-03-01,1164.15,RED3,pdf,34.92,1199.07
INV00151,V001,2026-03-17,2026-03-01,212.55,RED3,pdf,6.38,218.93
INV00152,V001,2026-03-04,2026-03-01,640.45,RED3,pdf,19.21,659.66
INV00153,V001,2026-03-02,2026-03-01,923.51,RED3,einvoice,27.71,951.22
INV00154,V001,2026-03-04,2026-03-01,975.32,RED3,einvoice,29.26,1004.58
INV00155,V001,2026-03-08,2026-03-01,763.16,RED3,pdf,22.89,786.05
INV00156,V001,2026-03-08,2026-03-01,1390.69,RED3,pdf,41.72,1432.41
INV00157,V001,2026-03-09,2026-03-01,724.68,RED3,einvoice,21.74,746.42
INV00158,V001,2026-03-21,2026-03-01,1398.21,RED3,pdf,41.95,1440.16
INV00159,V001,2026-03-31,2026-03-01,349.3,RED3,pdf,10.48,359.78
INV00160,V001,2026-03-25,2026-03-01,565.82,RED3,pdf,16.97,582.79
INV00161,V001,2026-03-31,2026-03-01,957.1,RED3,pdf,28.71,985.81
INV00162,V001,2026-03-29,2026-03-01,1885.31,RED3,einvoice,56.56,1941.87
INV00163,V001,2026-04-21,2026-04-01,1914.84,RED3,pdf,57.45,1972.29
INV00164,V001,2026-04-16,2026-04-01,514.3,RED3,einvoice,15.43,529.73
INV00165,V001,2026-04-25,2026-04-01,498.88,RED3,einvoice,14.97,513.85
INV00166,V001,2026-04-23,2026-04-01,1376.62,RED3,pdf,41.3,1417.92
INV00167,V001,2026-04-23,2026-04-01,1075.92,RED3,pdf,32.28,1108.2
INV00168,V001,2026-04-19,2026-04-01,1130.09,RED3,pdf,33.9,1163.99
INV00169,V001,2026-04-14,2026-04-01,1483.58,RED3,einvoice,44.51,1528.09
INV00170,V001,2026-04-22,2026-04-01,617.02,RED3,pdf,18.51,635.53
INV00171,V001,2026-04-18,2026-04-01,1098.8,RED3,pdf,32.96,1131.76
INV00172,V001,2026-04-14,2026-04-01,1035.29,RED3,einvoice,31.06,1066.35
INV00173,V001,2026-04-08,2026-04-01,691.99,RED3,pdf,20.76,712.75
INV00174,V001,2026-05-30,2026-05-01,1659.04,RED3,einvoice,49.77,1708.81
INV00175,V001,2026-05-15,2026-05-01,1047.86,RED3,pdf,31.44,1079.3
INV00176,V001,2026-05-16,2026-05-01,2955.5,RED3,einvoice,88.66,3044.16
INV00177,V001,2026-05-30,2026-05-01,1621.29,RED3,pdf,48.64,1669.93
INV00178,V001,2026-05-09,2026-05-01,1038.03,RED3,pdf,31.14,1069.17
INV00179,V001,2026-05-31,2026-05-01,515.54,RED3,einvoice,15.47,531.01
INV00180,V001,2026-05-13,2026-05-01,245.05,RED3,einvoice,7.35,252.4
INV00181,V001,2026-05-29,2026-05-01,712.89,RED3,pdf,21.39,734.28
INV00182,V001,2026-05-02,2026-05-01,1650.5,RED3,pdf,49.52,1700.02
INV00183,V001,2026-05-11,2026-05-01,665.8,RED3,pdf,19.97,685.77
INV00184,V001,2026-05-18,2026-05-01,949.97,RED3,einvoice,28.5,978.47
INV00185,V001,2026-05-08,2026-05-01,1609.29,RED3,pdf,48.28,1657.57
INV00186,V001,2026-05-25,2026-05-01,853.24,RED3,pdf,25.6,878.84
INV00187,V001,2026-05-30,2026-05-01,2008.54,RED3,pdf,60.26,2068.8
INV00188,V001,2026-05-16,2026-05-01,1204.36,RED3,pdf,36.13,1240.49
INV00189,V001,2026-05-23,2026-05-01,532.48,RED3,einvoice,15.97,548.45
INV00190,V001,2026-05-17,2026-05-01,509.95,RED3,pdf,15.3,525.25
INV00191,V002,2025-06-03,2025-06-01,1116.12,STD17,einvoice,189.74,1305.86
INV00192,V002,2025-06-09,2025-06-01,1490.05,STD17,pdf,253.31,1743.36
INV00193,V002,2025-06-28,2025-06-01,257.43,STD17,pdf,43.76,301.19
INV00194,V002,2025-07-01,2025-07-01,143.53,STD17,pdf,24.4,167.93
INV00195,V002,2025-07-03,2025-07-01,1103.42,STD17,pdf,187.58,1291.0
INV00196,V002,2025-07-31,2025-07-01,1123.59,STD17,pdf,191.01,1314.6
INV00197,V002,2025-08-21,2025-08-01,1045.26,STD17,einvoice,177.69,1222.95
INV00198,V002,2025-08-07,2025-08-01,562.4,STD17,pdf,95.61,658.01
INV00199,V002,2025-09-26,2025-09-01,992.45,STD17,pdf,168.72,1161.17
INV00200,V002,2025-09-23,2025-09-01,684.15,STD17,einvoice,116.31,800.46
INV00201,V002,2025-09-08,2025-09-01,1115.03,STD17,pdf,189.56,1304.59
INV00202,V002,2025-09-28,2025-09-01,1246.03,STD17,pdf,211.83,1457.86
INV00203,V002,2025-09-30,2025-09-01,202.08,STD17,einvoice,34.35,236.43
INV00204,V002,2025-09-18,2025-09-01,309.0,STD17,pdf,52.53,361.53
INV00205,V002,2025-09-26,2025-09-01,763.34,STD17,pdf,129.77,893.11
INV00206,V002,2025-10-20,2025-10-01,1070.9,STD17,pdf,182.05,1252.95
INV00207,V002,2025-10-17,2025-10-01,2882.12,STD17,pdf,489.96,3372.08
INV00208,V002,2025-10-24,2025-10-01,706.97,STD17,pdf,120.18,827.15
INV00209,V002,2025-10-04,2025-10-01,402.85,STD17,pdf,68.48,471.33
INV00210,V002,2025-11-26,2025-11-01,1458.77,STD17,einvoice,247.99,1706.76
INV00211,V002,2025-11-08,2025-11-01,574.49,STD17,pdf,97.66,672.15
INV00212,V002,2025-11-01,2025-11-01,951.48,STD17,pdf,161.75,1113.23
INV00213,V002,2025-11-17,2025-11-01,994.72,STD17,pdf,169.1,1163.82
INV00214,V002,2025-11-01,2025-11-01,952.55,STD17,pdf,161.93,1114.48
INV00215,V002,2025-12-21,2025-12-01,978.97,STD17,pdf,166.42,1145.39
INV00216,V002,2025-12-18,2025-12-01,408.22,STD17,pdf,69.4,477.62
INV00217,V002,2025-12-26,2025-12-01,315.51,STD17,einvoice,53.64,369.15
INV00218,V002,2025-12-23,2025-12-01,659.23,STD17,pdf,112.07,771.3
INV00219,V002,2025-12-28,2025-12-01,982.63,STD17,pdf,167.05,1149.68
INV00220,V002,2025-12-31,2025-12-01,1158.04,STD17,pdf,196.87,1354.91
INV00221,V002,2025-12-21,2025-12-01,583.29,STD17,pdf,99.16,682.45
INV00222,V002,2025-12-03,2025-12-01,1176.05,STD17,pdf,199.93,1375.98
INV00223,V002,2025-12-08,2025-12-01,309.17,STD17,einvoice,52.56,361.73
INV00224,V002,2025-12-02,2025-12-01,456.99,STD17,pdf,77.69,534.68
INV00225,V002,2026-01-04,2026-01-01,652.52,STD17,einvoice,110.93,763.45
INV00226,V002,2026-01-20,2026-01-01,998.83,STD17,pdf,169.8,1168.63
INV00227,V002,2026-01-17,2026-01-01,617.18,STD17,pdf,104.92,722.1
INV00228,V002,2026-01-01,2026-01-01,1925.27,STD17,einvoice,327.3,2252.57
INV00229,V002,2026-01-13,2026-01-01,2234.56,STD17,pdf,379.88,2614.44
INV00230,V002,2026-01-27,2026-01-01,666.52,STD17,pdf,113.31,779.83
INV00231,V002,2026-02-19,2026-02-01,346.75,STD17,pdf,58.95,405.7
INV00232,V002,2026-02-10,2026-02-01,2912.73,STD17,einvoice,495.16,3407.89
INV00233,V002,2026-02-22,2026-02-01,780.58,STD17,pdf,132.7,913.28
INV00234,V002,2026-02-12,2026-02-01,300.92,STD17,pdf,51.16,352.08
INV00235,V002,2026-03-11,2026-03-01,1029.55,STD17,pdf,175.02,1204.57
INV00236,V002,2026-03-07,2026-03-01,945.46,STD17,pdf,160.73,1106.19
INV00237,V002,2026-03-14,2026-03-01,307.99,STD17,pdf,52.36,360.35
INV00238,V002,2026-03-14,2026-03-01,494.62,STD17,einvoice,84.09,578.71
INV00239,V002,2026-04-26,2026-04-01,1403.5,STD17,einvoice,238.6,1642.1
INV00240,V002,2026-04-08,2026-04-01,3550.34,STD17,pdf,603.56,4153.9
INV00241,V002,2026-04-08,2026-04-01,768.99,STD17,pdf,130.73,899.72
INV00242,V002,2026-04-24,2026-04-01,1236.81,STD17,pdf,210.26,1447.07
INV00243,V002,2026-04-18,2026-04-01,654.58,STD17,einvoice,111.28,765.86
INV00244,V002,2026-04-21,2026-04-01,1366.1,STD17,einvoice,232.24,1598.34
INV00245,V002,2026-04-13,2026-04-01,658.77,STD17,pdf,111.99,770.76
INV00246,V002,2026-04-20,2026-04-01,733.46,STD17,einvoice,124.69,858.15
INV00247,V002,2026-05-02,2026-05-01,476.78,STD17,pdf,81.05,557.83
INV00248,V002,2026-05-08,2026-05-01,753.38,STD17,einvoice,128.07,881.45
INV00249,V003,2025-08-28,2025-08-01,868.59,STD17,einvoice,147.66,1016.25
INV00250,V003,2025-09-21,2025-09-01,1487.77,STD17,einvoice,252.92,1740.69
INV00251,V003,2025-10-04,2025-10-01,723.2,STD17,einvoice,122.94,846.14
INV00252,V003,2025-11-16,2025-11-01,812.29,STD17,einvoice,138.09,950.38
INV00253,V003,2026-02-10,2026-02-01,1777.16,STD17,einvoice,302.12,2079.28
INV00254,V003,2026-04-07,2026-04-01,1553.37,STD17,einvoice,264.07,1817.44
INV00255,V004,2025-06-28,2025-06-01,649.15,STD17,einvoice,110.36,759.51
INV00256,V004,2025-07-06,2025-07-01,699.22,STD17,pdf,118.87,818.09
INV00257,V004,2025-07-15,2025-07-01,320.04,STD17,pdf,54.41,374.45
INV00258,V004,2025-07-06,2025-07-01,402.76,STD17,pdf,68.47,471.23
INV00259,V004,2025-07-18,2025-07-01,1367.47,STD17,pdf,232.47,1599.94
INV00260,V004,2025-07-15,2025-07-01,790.84,STD17,pdf,134.44,925.28
INV00261,V004,2025-08-20,2025-08-01,586.17,STD17,einvoice,99.65,685.82
INV00262,V004,2025-08-10,2025-08-01,137.18,STD17,einvoice,23.32,160.5
INV00263,V004,2025-08-22,2025-08-01,185.59,STD17,pdf,31.55,217.14
INV00264,V004,2025-08-06,2025-08-01,1128.75,STD17,pdf,191.89,1320.64
INV00265,V004,2025-09-21,2025-09-01,507.58,STD17,pdf,86.29,593.87
INV00266,V004,2025-09-21,2025-09-01,183.07,STD17,einvoice,31.12,214.19
INV00267,V004,2025-09-28,2025-09-01,1176.15,STD17,pdf,199.95,1376.1
INV00268,V004,2025-10-01,2025-10-01,255.65,STD17,pdf,43.46,299.11
INV00269,V004,2025-10-05,2025-10-01,505.84,STD17,pdf,85.99,591.83
INV00270,V004,2025-10-10,2025-10-01,371.61,STD17,pdf,63.17,434.78
INV00271,V004,2025-10-05,2025-10-01,740.23,STD17,pdf,125.84,866.07
INV00272,V004,2025-10-08,2025-10-01,240.91,STD17,pdf,40.95,281.86
INV00273,V004,2025-11-29,2025-11-01,282.8,STD17,pdf,48.08,330.88
INV00274,V004,2025-11-01,2025-11-01,295.62,STD17,einvoice,50.26,345.88
INV00275,V004,2025-11-24,2025-11-01,314.28,STD17,pdf,53.43,367.71
INV00276,V004,2025-11-27,2025-11-01,471.25,STD17,pdf,80.11,551.36
INV00277,V004,2025-11-08,2025-11-01,947.79,STD17,pdf,161.12,1108.91
INV00278,V004,2025-11-06,2025-11-01,484.14,STD17,einvoice,82.3,566.44
INV00279,V004,2025-11-11,2025-11-01,130.89,STD17,pdf,22.25,153.14
INV00280,V004,2025-12-15,2025-12-01,318.49,STD17,pdf,54.14,372.63
INV00281,V004,2025-12-27,2025-12-01,328.88,STD17,einvoice,55.91,384.79
INV00282,V004,2025-12-25,2025-12-01,1204.59,STD17,einvoice,204.78,1409.37
INV00283,V004,2025-12-07,2025-12-01,408.63,STD17,pdf,69.47,478.1
INV00284,V004,2025-12-31,2025-12-01,378.22,STD17,pdf,64.3,442.52
INV00285,V004,2025-12-20,2025-12-01,2693.98,STD17,pdf,457.98,3151.96
INV00286,V004,2026-01-10,2026-01-01,472.77,STD17,einvoice,80.37,553.14
INV00287,V004,2026-01-11,2026-01-01,516.17,STD17,pdf,87.75,603.92
INV00288,V004,2026-01-06,2026-01-01,596.7,STD17,einvoice,101.44,698.14
INV00289,V004,2026-01-07,2026-01-01,386.22,STD17,pdf,65.66,451.88
INV00290,V004,2026-01-04,2026-01-01,263.84,STD17,einvoice,44.85,308.69
INV00291,V004,2026-02-04,2026-02-01,218.49,STD17,pdf,37.14,255.63
INV00292,V004,2026-02-02,2026-02-01,415.41,STD17,pdf,70.62,486.03
INV00293,V004,2026-02-25,2026-02-01,397.05,STD17,einvoice,67.5,464.55
INV00294,V004,2026-03-04,2026-03-01,844.24,STD17,pdf,143.52,987.76
INV00295,V004,2026-03-14,2026-03-01,143.89,STD17,pdf,24.46,168.35
INV00296,V004,2026-03-04,2026-03-01,286.24,STD17,einvoice,48.66,334.9
INV00297,V004,2026-03-03,2026-03-01,331.76,STD17,pdf,56.4,388.16
INV00298,V004,2026-03-08,2026-03-01,266.63,STD17,pdf,45.33,311.96
INV00299,V004,2026-03-23,2026-03-01,159.19,STD17,pdf,27.06,186.25
INV00300,V004,2026-03-10,2026-03-01,425.39,STD17,pdf,72.32,497.71
INV00301,V004,2026-04-12,2026-04-01,209.71,STD17,einvoice,35.65,245.36
INV00302,V004,2026-04-08,2026-04-01,507.6,STD17,pdf,86.29,593.89
INV00303,V004,2026-04-06,2026-04-01,723.36,STD17,pdf,122.97,846.33
INV00304,V004,2026-04-08,2026-04-01,946.95,STD17,pdf,160.98,1107.93
INV00305,V004,2026-05-02,2026-05-01,429.66,STD17,pdf,73.04,502.7
INV00306,V004,2026-05-30,2026-05-01,362.05,STD17,pdf,61.55,423.6
INV00307,V005,2025-06-11,2025-06-01,401.45,STD17,einvoice,68.25,469.7
INV00308,V005,2025-06-04,2025-06-01,804.84,STD17,einvoice,136.82,941.66
INV00309,V005,2025-07-30,2025-07-01,379.46,STD17,einvoice,64.51,443.97
INV00310,V005,2025-09-07,2025-09-01,475.84,STD17,einvoice,80.89,556.73
INV00311,V005,2025-09-20,2025-09-01,68.93,STD17,einvoice,11.72,80.65
INV00312,V005,2025-09-06,2025-09-01,44.81,STD17,einvoice,7.62,52.43
INV00313,V005,2025-10-18,2025-10-01,910.31,STD17,einvoice,154.75,1065.06
INV00314,V005,2025-10-02,2025-10-01,1536.43,STD17,einvoice,261.19,1797.62
INV00315,V005,2025-11-09,2025-11-01,391.54,STD17,einvoice,66.56,458.1
INV00316,V005,2025-11-20,2025-11-01,343.08,STD17,einvoice,58.32,401.4
INV00317,V005,2025-11-12,2025-11-01,408.39,STD17,einvoice,69.43,477.82
INV00318,V005,2025-12-15,2025-12-01,214.11,STD17,einvoice,36.4,250.51
INV00319,V005,2025-12-10,2025-12-01,170.95,STD17,einvoice,29.06,200.01
INV00320,V005,2025-12-21,2025-12-01,528.21,STD17,einvoice,89.8,618.01
INV00321,V005,2026-01-31,2026-01-01,584.44,STD17,einvoice,99.35,683.79
INV00322,V005,2026-02-24,2026-02-01,971.68,STD17,einvoice,165.19,1136.87
INV00323,V005,2026-02-21,2026-02-01,374.51,STD17,einvoice,63.67,438.18
INV00324,V005,2026-02-21,2026-02-01,633.69,STD17,einvoice,107.73,741.42
INV00325,V005,2026-02-21,2026-02-01,655.71,STD17,einvoice,111.47,767.18
INV00326,V005,2026-02-26,2026-02-01,258.24,STD17,einvoice,43.9,302.14
INV00327,V005,2026-03-26,2026-03-01,597.95,STD17,einvoice,101.65,699.6
INV00328,V005,2026-04-03,2026-04-01,190.68,STD17,einvoice,32.42,223.1
INV00329,V005,2026-05-06,2026-05-01,339.39,STD17,einvoice,57.7,397.09
INV00330,V005,2026-05-05,2026-05-01,580.15,STD17,einvoice,98.63,678.78
INV00331,V005,2026-05-29,2026-05-01,511.51,STD17,einvoice,86.96,598.47
INV00332,V006,2025-06-28,2025-06-01,1495.84,STD17,email,254.29,1750.13
INV00333,V006,2025-06-22,2025-06-01,1694.06,STD17,email,287.99,1982.05
INV00334,V006,2025-06-30,2025-06-01,2006.84,STD17,email,341.16,2348.0
INV00335,V006,2025-07-27,2025-07-01,845.85,STD17,email,143.79,989.64
INV00336,V006,2025-07-27,2025-07-01,2280.98,STD17,email,387.77,2668.75
INV00337,V006,2025-07-26,2025-07-01,895.78,STD17,email,152.28,1048.06
INV00338,V006,2025-08-11,2025-08-01,656.44,STD17,email,111.59,768.03
INV00339,V006,2025-08-19,2025-08-01,1919.7,STD17,email,326.35,2246.05
INV00340,V006,2025-08-20,2025-08-01,1958.74,STD17,email,332.99,2291.73
INV00341,V006,2025-08-09,2025-08-01,1140.63,STD17,email,193.91,1334.54
INV00342,V006,2025-08-07,2025-08-01,1019.02,STD17,einvoice,173.23,1192.25
INV00343,V006,2025-08-02,2025-08-01,1970.88,STD17,email,335.05,2305.93
INV00344,V006,2025-10-11,2025-10-01,1307.2,STD17,email,222.22,1529.42
INV00345,V006,2026-01-30,2026-01-01,1944.53,STD17,einvoice,330.57,2275.1
INV00346,V006,2026-01-05,2026-01-01,1602.72,STD17,email,272.46,1875.18
INV00347,V006,2026-01-15,2026-01-01,594.1,STD17,einvoice,101.0,695.1
INV00348,V006,2026-01-04,2026-01-01,1270.54,STD17,email,215.99,1486.53
INV00349,V006,2026-02-01,2026-02-01,1440.83,STD17,einvoice,244.94,1685.77
INV00350,V006,2026-02-28,2026-02-01,2018.19,STD17,email,343.09,2361.28
INV00351,V006,2026-02-09,2026-02-01,2955.08,STD17,email,502.36,3457.44
INV00352,V006,2026-04-10,2026-04-01,664.96,STD17,email,113.04,778.0
INV00353,V006,2026-04-29,2026-04-01,2483.32,STD17,email,422.16,2905.48
INV00354,V006,2026-05-13,2026-05-01,1572.8,STD17,einvoice,267.38,1840.18
INV00355,V006,2026-05-11,2026-05-01,1852.78,STD17,einvoice,314.97,2167.75
INV00356,V006,2026-05-05,2026-05-01,1965.32,STD17,einvoice,334.1,2299.42
INV00357,V007,2025-06-11,2025-06-01,4341.72,STD17,einvoice,738.09,5079.81
INV00358,V007,2025-06-20,2025-06-01,1295.8,STD17,email,220.29,1516.09
INV00359,V007,2025-07-14,2025-07-01,3249.6,STD17,email,552.43,3802.03
INV00360,V007,2025-07-13,2025-07-01,1533.88,STD17,email,260.76,1794.64
INV00361,V007,2025-07-17,2025-07-01,4206.97,STD17,email,715.18,4922.15
INV00362,V007,2025-08-24,2025-08-01,2269.43,STD17,einvoice,385.8,2655.23
INV00363,V007,2025-08-11,2025-08-01,2764.59,STD17,email,469.98,3234.57
INV00364,V007,2025-09-06,2025-09-01,2279.95,STD17,email,387.59,2667.54
INV00365,V007,2025-09-06,2025-09-01,3630.02,STD17,email,617.1,4247.12
INV00366,V007,2025-09-27,2025-09-01,640.73,STD17,einvoice,108.92,749.65
INV00367,V007,2025-10-15,2025-10-01,1206.01,STD17,email,205.02,1411.03
INV00368,V007,2025-10-01,2025-10-01,477.39,STD17,email,81.16,558.55
INV00369,V007,2025-10-09,2025-10-01,1425.55,STD17,email,242.34,1667.89
INV00370,V007,2025-10-13,2025-10-01,949.6,STD17,email,161.43,1111.03
INV00371,V007,2025-10-24,2025-10-01,1926.97,STD17,email,327.58,2254.55
INV00372,V007,2025-10-09,2025-10-01,2504.97,STD17,email,425.84,2930.81
INV00373,V007,2025-11-01,2025-11-01,1240.79,STD17,email,210.93,1451.72
INV00374,V007,2025-12-07,2025-12-01,1285.92,STD17,einvoice,218.61,1504.53
INV00375,V007,2025-12-11,2025-12-01,4863.49,STD17,einvoice,826.79,5690.28
INV00376,V007,2025-12-07,2025-12-01,860.32,STD17,einvoice,146.25,1006.57
INV00377,V007,2026-01-04,2026-01-01,1930.16,STD17,einvoice,328.13,2258.29
INV00378,V007,2026-02-12,2026-02-01,5897.01,STD17,einvoice,1002.49,6899.5
INV00379,V007,2026-02-27,2026-02-01,1118.53,STD17,email,190.15,1308.68
INV00380,V007,2026-02-18,2026-02-01,977.59,STD17,einvoice,166.19,1143.78
INV00381,V007,2026-03-15,2026-03-01,732.16,STD17,email,124.47,856.63
INV00382,V007,2026-04-19,2026-04-01,2054.1,STD17,einvoice,349.2,2403.3
INV00383,V007,2026-04-15,2026-04-01,2098.43,STD17,email,356.73,2455.16
INV00384,V007,2026-04-29,2026-04-01,1078.68,STD17,email,183.38,1262.06
INV00385,V007,2026-04-10,2026-04-01,1579.91,STD17,email,268.58,1848.49
INV00386,V007,2026-05-16,2026-05-01,2173.59,STD17,einvoice,369.51,2543.1
INV00387,V007,2026-05-25,2026-05-01,822.58,STD17,email,139.84,962.42
INV00388,V008,2025-08-27,2025-08-01,588.51,ND,pdf,100.05,688.56
INV00389,V008,2025-08-31,2025-08-01,929.9,ND,pdf,158.08,1087.98
INV00390,V008,2025-08-18,2025-08-01,970.67,ND,pdf,165.01,1135.68
INV00391,V008,2026-01-27,2026-01-01,1147.02,ND,pdf,194.99,1342.01
INV00392,V008,2026-03-07,2026-03-01,2141.7,ND,einvoice,364.09,2505.79
INV00393,V008,2026-03-21,2026-03-01,1197.81,ND,pdf,203.63,1401.44
INV00394,V008,2026-04-29,2026-04-01,1046.67,ND,pdf,177.93,1224.6
INV00395,V008,2026-05-11,2026-05-01,407.83,ND,pdf,69.33,477.16
INV00396,V009,2025-06-23,2025-06-01,697.29,STD17,einvoice,118.54,815.83
INV00397,V009,2025-07-02,2025-07-01,461.05,STD17,einvoice,78.38,539.43
INV00398,V009,2025-07-09,2025-07-01,167.24,STD17,einvoice,28.43,195.67
INV00399,V009,2025-08-29,2025-08-01,619.57,STD17,einvoice,105.33,724.9
INV00400,V009,2025-08-19,2025-08-01,130.22,STD17,einvoice,22.14,152.36
INV00401,V009,2025-08-16,2025-08-01,516.08,STD17,einvoice,87.73,603.81
INV00402,V009,2025-09-15,2025-09-01,487.07,STD17,einvoice,82.8,569.87
INV00403,V009,2025-09-27,2025-09-01,400.16,STD17,einvoice,68.03,468.19
INV00404,V009,2025-10-25,2025-10-01,751.86,STD17,einvoice,127.82,879.68
INV00405,V009,2025-10-14,2025-10-01,380.17,STD17,einvoice,64.63,444.8
INV00406,V009,2025-11-21,2025-11-01,1072.14,STD17,einvoice,182.26,1254.4
INV00407,V009,2025-11-28,2025-11-01,557.04,STD17,einvoice,94.7,651.74
INV00408,V009,2025-12-07,2025-12-01,1015.22,STD17,einvoice,172.59,1187.81
INV00409,V009,2026-01-19,2026-01-01,3051.46,STD17,einvoice,518.75,3570.21
INV00410,V009,2026-01-21,2026-01-01,371.74,STD17,einvoice,63.2,434.94
INV00411,V009,2026-03-07,2026-03-01,1039.49,STD17,einvoice,176.71,1216.2
INV00412,V009,2026-03-22,2026-03-01,515.53,STD17,einvoice,87.64,603.17
INV00413,V009,2026-03-24,2026-03-01,741.37,STD17,einvoice,126.03,867.4
INV00414,V009,2026-05-26,2026-05-01,478.3,STD17,einvoice,81.31,559.61
INV00415,V009,2026-05-06,2026-05-01,1006.39,STD17,einvoice,171.09,1177.48
INV00416,V009,2026-05-31,2026-05-01,752.27,STD17,einvoice,127.89,880.16
INV00417,V010,2025-07-04,2025-07-01,764.97,STD17,pdf,130.04,895.01
INV00418,V010,2025-07-31,2025-07-01,591.32,STD17,pdf,100.52,691.84
INV00419,V010,2025-10-15,2025-10-01,543.56,STD17,pdf,92.41,635.97
INV00420,V010,2025-10-15,2025-10-01,634.88,STD17,einvoice,107.93,742.81
INV00421,V010,2025-10-23,2025-10-01,734.19,STD17,pdf,124.81,859.0
INV00422,V010,2025-11-03,2025-11-01,433.28,STD17,einvoice,73.66,506.94
INV00423,V010,2026-01-12,2026-01-01,847.47,STD17,pdf,144.07,991.54
INV00424,V011,2025-07-16,2025-07-01,1632.71,STD17,email,277.56,1910.27
INV00425,V011,2025-07-27,2025-07-01,468.4,STD17,email,79.63,548.03
INV00426,V011,2025-07-20,2025-07-01,2726.63,STD17,einvoice,463.53,3190.16
INV00427,V011,2025-09-10,2025-09-01,1058.31,STD17,einvoice,179.91,1238.22
INV00428,V011,2025-09-24,2025-09-01,2781.62,STD17,email,472.88,3254.5
INV00429,V011,2025-10-24,2025-10-01,1876.9,STD17,email,319.07,2195.97
INV00430,V011,2025-10-23,2025-10-01,687.24,STD17,einvoice,116.83,804.07
INV00431,V011,2025-11-01,2025-11-01,921.58,STD17,email,156.67,1078.25
INV00432,V011,2025-12-16,2025-12-01,805.37,STD17,einvoice,136.91,942.28
INV00433,V011,2026-01-23,2026-01-01,1428.1,STD17,email,242.78,1670.88
INV00434,V011,2026-02-18,2026-02-01,987.08,STD17,email,167.8,1154.88
INV00435,V011,2026-02-21,2026-02-01,946.65,STD17,email,160.93,1107.58
INV00436,V011,2026-03-21,2026-03-01,1486.93,STD17,email,252.78,1739.71
INV00437,V011,2026-03-29,2026-03-01,718.97,STD17,email,122.22,841.19
INV00438,V011,2026-03-30,2026-03-01,2171.58,STD17,email,369.17,2540.75
INV00439,V011,2026-04-18,2026-04-01,1281.48,STD17,einvoice,217.85,1499.33
INV00440,V011,2026-04-23,2026-04-01,1190.38,STD17,email,202.36,1392.74
INV00441,V011,2026-05-18,2026-05-01,500.59,STD17,einvoice,85.1,585.69
INV00442,V012,2025-06-04,2025-06-01,841.27,ND,pdf,143.02,984.29
INV00443,V012,2025-07-24,2025-07-01,263.26,ND,einvoice,44.75,308.01
INV00444,V012,2025-07-12,2025-07-01,667.92,ND,pdf,113.55,781.47
INV00445,V012,2025-09-13,2025-09-01,728.22,ND,pdf,123.8,852.02
INV00446,V012,2025-09-15,2025-09-01,919.76,ND,pdf,156.36,1076.12
INV00447,V012,2025-10-06,2025-10-01,528.42,ND,pdf,89.83,618.25
INV00448,V012,2025-10-06,2025-10-01,169.46,ND,pdf,28.81,198.27
INV00449,V012,2025-11-11,2025-11-01,833.64,ND,pdf,141.72,975.36
INV00450,V012,2025-12-05,2025-12-01,680.69,ND,pdf,115.72,796.41
INV00451,V012,2026-01-26,2026-01-01,465.1,ND,pdf,79.07,544.17
INV00452,V012,2026-01-29,2026-01-01,1231.57,ND,einvoice,209.37,1440.94
INV00453,V012,2026-01-19,2026-01-01,868.96,ND,pdf,147.72,1016.68
INV00454,V012,2026-01-15,2026-01-01,722.39,ND,pdf,122.81,845.2
INV00455,V012,2026-01-20,2026-01-01,2002.56,ND,einvoice,340.44,2343.0
INV00456,V012,2026-02-24,2026-02-01,563.38,ND,pdf,95.77,659.15
INV00457,V012,2026-02-18,2026-02-01,206.13,ND,pdf,35.04,241.17
INV00458,V012,2026-02-27,2026-02-01,835.18,ND,einvoice,141.98,977.16
INV00459,V012,2026-02-07,2026-02-01,388.51,ND,pdf,66.05,454.56
INV00460,V012,2026-02-06,2026-02-01,481.86,ND,pdf,81.92,563.78
INV00461,V012,2026-02-01,2026-02-01,387.52,ND,einvoice,65.88,453.4
INV00462,V012,2026-03-22,2026-03-01,367.6,ND,pdf,62.49,430.09
INV00463,V012,2026-03-14,2026-03-01,409.95,ND,pdf,69.69,479.64
INV00464,V012,2026-03-08,2026-03-01,661.27,ND,pdf,112.42,773.69
INV00465,V012,2026-04-24,2026-04-01,736.45,ND,pdf,125.2,861.65
INV00466,V012,2026-05-25,2026-05-01,1112.31,ND,pdf,189.09,1301.4
INV00467,V012,2026-05-28,2026-05-01,1225.01,ND,pdf,208.25,1433.26
INV00468,V013,2025-06-02,2025-06-01,1117.06,STD17,einvoice,189.9,1306.96
INV00469,V013,2025-07-06,2025-07-01,913.02,STD17,einvoice,155.21,1068.23
INV00470,V013,2025-08-07,2025-08-01,1454.75,STD17,einvoice,247.31,1702.06
INV00471,V013,2025-08-03,2025-08-01,632.4,STD17,einvoice,107.51,739.91
INV00472,V013,2025-08-08,2025-08-01,2367.74,STD17,einvoice,402.52,2770.26
INV00473,V013,2025-08-05,2025-08-01,994.92,STD17,einvoice,169.14,1164.06
INV00474,V013,2025-10-07,2025-10-01,1031.38,STD17,einvoice,175.33,1206.71
INV00475,V013,2025-10-09,2025-10-01,798.9,STD17,einvoice,135.81,934.71
INV00476,V013,2025-10-05,2025-10-01,6895.5,STD17,einvoice,1172.24,8067.74
INV00477,V013,2025-11-03,2025-11-01,1233.99,STD17,einvoice,209.78,1443.77
INV00478,V013,2026-01-06,2026-01-01,1502.84,STD17,einvoice,255.48,1758.32
INV00479,V013,2026-01-17,2026-01-01,728.96,STD17,einvoice,123.92,852.88
INV00480,V013,2026-01-10,2026-01-01,1187.8,STD17,einvoice,201.93,1389.73
INV00481,V013,2026-02-02,2026-02-01,1061.89,STD17,einvoice,180.52,1242.41
INV00482,V013,2026-02-25,2026-02-01,1622.8,STD17,einvoice,275.88,1898.68
INV00483,V014,2025-06-25,2025-06-01,442.73,STD17,email,75.26,517.99
INV00484,V014,2025-06-24,2025-06-01,827.75,STD17,email,140.72,968.47
INV00485,V014,2025-06-08,2025-06-01,234.3,STD17,email,39.83,274.13
INV00486,V014,2025-07-17,2025-07-01,1226.31,STD17,einvoice,208.47,1434.78
INV00487,V014,2025-07-19,2025-07-01,600.72,STD17,email,102.12,702.84
INV00488,V014,2025-07-13,2025-07-01,394.54,STD17,email,67.07,461.61
INV00489,V014,2025-07-19,2025-07-01,650.67,STD17,email,110.61,761.28
INV00490,V014,2025-07-31,2025-07-01,523.47,STD17,email,88.99,612.46
INV00491,V014,2025-07-08,2025-07-01,746.69,STD17,email,126.94,873.63
INV00492,V014,2025-09-19,2025-09-01,408.8,STD17,email,69.5,478.3
INV00493,V014,2025-09-25,2025-09-01,696.24,STD17,email,118.36,814.6
INV00494,V014,2025-09-26,2025-09-01,1013.09,STD17,einvoice,172.23,1185.32
INV00495,V014,2025-10-17,2025-10-01,453.71,STD17,email,77.13,530.84
INV00496,V014,2025-10-17,2025-10-01,211.52,STD17,einvoice,35.96,247.48
INV00497,V014,2025-10-11,2025-10-01,446.25,STD17,email,75.86,522.11
INV00498,V014,2025-10-30,2025-10-01,148.67,STD17,email,25.27,173.94
INV00499,V014,2025-10-04,2025-10-01,457.08,STD17,email,77.7,534.78
INV00500,V014,2025-11-15,2025-11-01,881.41,STD17,einvoice,149.84,1031.25
INV00501,V014,2025-11-08,2025-11-01,647.35,STD17,email,110.05,757.4
INV00502,V014,2025-11-30,2025-11-01,436.97,STD17,einvoice,74.28,511.25
INV00503,V014,2025-12-06,2025-12-01,403.15,STD17,email,68.54,471.69
INV00504,V014,2026-02-04,2026-02-01,626.97,STD17,email,106.58,733.55
INV00505,V014,2026-02-12,2026-02-01,589.0,STD17,email,100.13,689.13
INV00506,V014,2026-03-28,2026-03-01,535.5,STD17,email,91.04,626.54
INV00507,V014,2026-03-25,2026-03-01,475.21,STD17,einvoice,80.79,556.0
INV00508,V014,2026-03-09,2026-03-01,813.12,STD17,email,138.23,951.35
INV00509,V014,2026-04-27,2026-04-01,446.7,STD17,einvoice,75.94,522.64
INV00510,V014,2026-04-23,2026-04-01,376.99,STD17,email,64.09,441.08
INV00511,V014,2026-05-11,2026-05-01,1673.87,STD17,email,284.56,1958.43
INV00512,V014,2026-05-18,2026-05-01,323.27,STD17,einvoice,54.96,378.23
